{"cameraMode":{"drawMode":0,"name":"Shaded","section":"Shading Mode"},"sceneLighting":true,"audioPlay":false,"sceneViewState":{"m_AlwaysRefresh":false,"showFog":true,"showSkybox":false,"showFlares":true,"showImageEffects":true,"showParticleSystems":true,"showVisualEffectGraphs":true,"m_FxEnabled":true},"in2DMode":false,"pivot":{"x":0.18767929077148438,"y":-0.14996302127838136,"z":0.14194363355636598},"rotation":{"x":-0.19967913627624513,"y":0.4572469890117645,"z":-0.10597144067287445,"w":-0.8602545857429504},"size":1.665243148803711,"orthographic":false}