{"cameraMode":{"drawMode":0,"name":"Shaded","section":"Shading Mode"},"sceneLighting":true,"audioPlay":false,"sceneViewState":{"m_AlwaysRefresh":false,"showFog":true,"showSkybox":false,"showFlares":true,"showImageEffects":true,"showParticleSystems":true,"showVisualEffectGraphs":true,"m_FxEnabled":true},"in2DMode":false,"pivot":{"x":-0.19850438833236695,"y":-0.14012867212295533,"z":-0.27582940459251406},"rotation":{"x":0.07818151265382767,"y":-0.845562219619751,"z":0.12911222875118257,"w":0.5122881531715393},"size":1.3652441501617432,"orthographic":false}